chrom	start	end	nalleles	hwep	e_het	o_het	PIC	numcalled	PERIOD	RU	%GC	REF	allele:freq
chr1	70187839	70187855	11	0.664	0.877	0.833333	0.865267114	111	5	GAAGA	0.4	GAAGAGAAGAGAAGAGAAGAGAAGAGAAGAGAAGAGAAGAGAAGAGAAGAGAAGA	"G:0.063,GAAGAG:0.086,GAAGAGAAGAG:0.230,GAAGAGAAGAGAAGAG:0.122,GAAGAGAAGAGAAGAGAAGAG:0.108,GAAGAGAAGAGAAGAGAAGAGAAGAG:0.050,GAAGAGAAGAGAAGAGAAGAGAAGAGAAGAG:0.126,GAAGAGAAGAGAAGAGAAGAGAAGAGAAGAGAAGAG:0.072,GAAGAGAAGAGAAGAGAAGAGAAGAGAAGAGAAGAGAAGAG:0.077,GAAGAGAAGAGAAGAGAAGAGAAGAGAAGAGAAGAGAAGAGAAGAG:0.050,GAAGAGAAGAGAAGAGAAGAGAAGAGAAGAGAAGAGAAGAGAAGAGAAGAG:0.018"
chr1	20433727	20433748	8	0.102	0.837	0.777778	0.815698679	44	4	AGGA	0.5	AGGAAGGAAGGAAGGAAGGAAGGAAGGAAGGAAGGAAGGAAGGAAGGAAGGAAGGA	"AGGAAGGAA:0.011,AGGAAGGAAGGAA:0.045,AGGAAGGAAGGAAGGAA:0.205,AGGAAGGAAGGAAGGAAGGAA:0.193,AGGAAGGAAGGAAGGAAGGAAGGAA:0.148,AGGAAGGAAGGAAGGAAGGAAGGAAGGAA:0.148,AGGAAGGAAGGAAGGAAGGAAGGAAGGAAGGAA:0.182,AGGAAGGAAGGAAGGAAGGAAGGAAGGAAGGAAGGAA:0.068"
chr1	184955308	184955309	8	0.628	0.82	0.789474	0.795565896	116	5	TTTCC	0.4	TTTCCTTTCCTTTCCTTTCCTTTCCTTTCCTTTCCTTTCCTTTCCTTTCC	"T:0.017,TTTCCT:0.228,TTTCCTTTCCT:0.190,TTTCCTTTCCTTTCCT:0.086,TTTCCTTTCCTTTCCTTTCCT:0.220,TTTCCTTTCCTTTCCTTTCCTTTCCT:0.177,TTTCCTTTCCTTTCCTTTCCTTTCCTTTCCT:0.060,TTTCCTTTCCTTTCCTTTCCTTTCCTTTCCTTTCCT:0.022"
chr1	198554965	198554982	9	0.886	0.818	0.619048	0.793684938	81	4	CTTC	0.5	CTTCCTTCCTTCCTTCCTTCCTTCCTTCCTTCCTTCCTTCCTTCCTTC	"C:0.037,CTTCC:0.062,CTTCCTTCC:0.031,CTTCCTTCCTTCC:0.198,CTTCCTTCCTTCCTTCC:0.278,CTTCCTTCCTTCCTTCCTTCC:0.179,CTTCCTTCCTTCCTTCCTTCCTTCC:0.160,CTTCCTTCCTTCCTTCCTTCCTTCCTTCC:0.043,CTTCCTTCCTTCCTTCCTTCCTTCCTTCCTTCC:0.012"
chr1	12174161	12174234	14	0.0474	0.793	0.6	0.777238933	31	6	CTTCTC	0.5	CTTCTCCTTCTCCTTCTCCTTCTCCTTCTCCTTCTCCTTCTCCTTCTCCTTCTCCTTCTCCTTCTCCTTCTCCTTCTCCTTCTCCTTCTCCTTCTC	"CTTCTCCTTCTCC:0.032,CTTCTCCTTCTCCTTCTCC:0.032,CTTCTCCTTCTCCTTCTCCTTCTCCTTCTCC:0.016,CTTCTCCTTCTCCTTCTCCTTCTCCTTCTCCTTCTCCTTCTCCTTCTCC:0.016,CTTCTCCTTCTCCTTCTCCTTCTCCTTCTCCTTCTCCTTCTCCTTCTCCTTCTCC:0.016,CTTCTCCTTCTCCTTCTCCTTCTCCTTCTCCTTCTCCTTCTCCTTCTCCTTCTCCTTCTCC:0.032,CTTCTCCTTCTCCTTCTCCTTCTCCTTCTCCTTCTCCTTCTCCTTCTCCTTCTCCTTCTCCTTCTCC:0.016,CTTCTCCTTCTCCTTCTCCTTCTCCTTCTCCTTCTCCTTCTCCTTCTCCTTCTCCTTCTCCTTCTCCTTCTCC:0.403,CTTCTCCTTCTCCTTCTCCTTCTCCTTCTCCTTCTCCTTCTCCTTCTCCTTCTCCTTCTCCTTCTCCTTCTCCTTCTCC:0.097,CTTCTCCTTCTCCTTCTCCTTCTCCTTCTCCTTCTCCTTCTCCTTCTCCTTCTCCTTCTCCTTCTCCTTCTCCTTCTCCTTCTCC:0.097,CTTCTCCTTCTCCTTCTCCTTCTCCTTCTCCTTCTCCTTCTCCTTCTCCTTCTCCTTCTCCTTCTCCTTCTCCTTCTCCTTCTCCTTCTCC:0.048,CTTCTCCTTCTCCTTCTCCTTCTCCTTCTCCTTCTCCTTCTCCTTCTCCTTCTCCTTCTCCTTCTCCTTCTCCTTCTCCTTCTCCTTCTCCTTCTCC:0.048,CTTCTCCTTCTCCTTCTCCTTCTCCTTCTCCTTCTCCTTCTCCTTCTCCTTCTCCTTCTCCTTCTCCTTCTCCTTCTCCTTCTCCTTCTCCTTCTCCTTCTCCTTCTCCTTCTCCTTCTCCTTCTCCTTCTCC:0.129,CTTCTCCTTCTCCTTCTCCTTCTCCTTCTCCTTCTCCTTCTCCTTCTCCTTCTCCTTCTCCTTCTCCTTCTCCTTCTCCTTCTCCTTCTCCTTCTCCTTCTCCTTCTCCTTCTCCTTCTCCTTCTCCTTCTCCTTCTCCTTCTCC:0.016"
chr1	242872075	242872096	9	1	0.802	0.666667	0.772431108	121	4	AAGG	0.5	AAGGAAGGAAGGAAGGAAGGAAGGAAGGAAGGAAGGAAGGAAGGAAGGAAGG	"A:0.248,AAGGA:0.017,AAGGAAGGAAGGA:0.017,AAGGAAGGAAGGAAGGA:0.244,AAGGAAGGAAGGAAGGAAGGA:0.207,AAGGAAGGAAGGAAGGAAGGAAGGA:0.165,AAGGAAGGAAGGAAGGAAGGAAGGAAGGA:0.079,AAGGAAGGAAGGAAGGAAGGAAGGAAGGAAGGA:0.012,AAGGAAGGAAGGAAGGAAGGAAGGAAGGAAGGAAGGA:0.012"
chr1	216873880	216873926	8	0.0483	0.792	0.769231	0.764617215	40	5	AGGGA	0.6	AGGGAAGGGAAGGGAAGGGAAGGGAAGGGAAGGGAAGGGAAGGGAAGGGAAGGGAAGGGAAGGGA	"AGGGAAGGGAAGGGAAGGGAAGGGAAGGGAA:0.025,AGGGAAGGGAAGGGAAGGGAAGGGAAGGGAAGGGAA:0.037,AGGGAAGGGAAGGGAAGGGAAGGGAAGGGAAGGGAAGGGAA:0.175,AGGGAAGGGAAGGGAAGGGAAGGGAAGGGAAGGGAAGGGAAGGGAA:0.338,AGGGAAGGGAAGGGAAGGGAAGGGAAGGGAAGGGAAGGGAAGGGAAGGGAA:0.087,AGGGAAGGGAAGGGAAGGGAAGGGAAGGGAAGGGAAGGGAAGGGAAGGGAAGGGAA:0.175,AGGGAAGGGAAGGGAAGGGAAGGGAAGGGAAGGGAAGGGAAGGGAAGGGAAGGGAAGGGAA:0.150,AGGGAAGGGAAGGGAAGGGAAGGGAAGGGAAGGGAAGGGAAGGGAAGGGAAGGGAAGGGAAGGGAAGGGAAGGGAA:0.013"
chr1	170691442	170691463	8	0.68	0.771	0.590909	0.741278752	75	5	TTTCC	0.4	TTTCCTTTCCTTTCCTTTCCTTTCCTTTCCTTTCCTTTCCTTTCCTTTCCTTTCCTTTCCTTTCCTTTCC	"T:0.020,TTTCCT:0.040,TTTCCTTTCCT:0.093,TTTCCTTTCCTTTCCT:0.187,TTTCCTTTCCTTTCCTTTCCT:0.373,TTTCCTTTCCTTTCCTTTCCTTTCCT:0.193,TTTCCTTTCCTTTCCTTTCCTTTCCTTTCCT:0.080,TTTCCTTTCCTTTCCTTTCCTTTCCTTTCCTTTCCT:0.013"
chr1	201266377	201266418	8	0.103	0.761	0.702703	0.721773737	102	4	CTTC	0.5	CTTCCTTCCTTCCTTCCTTCCTTCCTTCCTTCCTTCCTTCCTTCCTTC	"CTTCCTTCC:0.294,CTTCCTTCCTTCC:0.015,CTTCCTTCCTTCCTTCCTTCC:0.010,CTTCCTTCCTTCCTTCCTTCCTTCCTTCC:0.015,CTTCCTTCCTTCCTTCCTTCCTTCCTTCCTTCC:0.088,CTTCCTTCCTTCCTTCCTTCCTTCCTTCCTTCCTTCC:0.265,CTTCCTTCCTTCCTTCCTTCCTTCCTTCCTTCCTTCCTTCC:0.270,CTTCCTTCCTTCCTTCCTTCCTTCCTTCCTTCCTTCCTTCCTTCC:0.029,CTTCCTTCCTTCCTTCCTTCCTTCCTTCCTTCCTTCCTTCCTTCCTTCC:0.015"
chr2	168210031	168210052	10	0.328	0.858	0.75	0.842112712	105	4	AAGG	0.5	AAGGAAGGAAGGAAGGAAGGAAGGAAGGAAGGAAGGAAGGAAGGAAGG	"A:0.014,AAGGAAGGA:0.014,AAGGAAGGAAGGA:0.152,AAGGAAGGAAGGAAGGA:0.200,AAGGAAGGAAGGAAGGAAGGA:0.138,AAGGAAGGAAGGAAGGAAGGAAGGA:0.167,AAGGAAGGAAGGAAGGAAGGAAGGAAGGA:0.124,AAGGAAGGAAGGAAGGAAGGAAGGAAGGAAGGA:0.090,AAGGAAGGAAGGAAGGAAGGAAGGAAGGAAGGAAGGA:0.086,AAGGAAGGAAGGAAGGAAGGAAGGAAGGAAGGAAGGAAGGA:0.014"
chr2	10177664	10177681	9	0.805	0.83	0.730769	0.807692937	116	4	TTCC	0.5	TTCCTTCCTTCCTTCCTTCCTTCCTTCCTTCCTTCCTTCCTTCC	"T:0.017,TTCCT:0.203,TTCCTTCCT:0.030,TTCCTTCCTTCCT:0.198,TTCCTTCCTTCCTTCCT:0.052,TTCCTTCCTTCCTTCCTTCCT:0.228,TTCCTTCCTTCCTTCCTTCCTTCCT:0.151,TTCCTTCCTTCCTTCCTTCCTTCCTTCCT:0.103,TTCCTTCCTTCCTTCCTTCCTTCCTTCCTTCCT:0.017"
chr2	175741182	175741211	8	0.426	0.823	0.8	0.800539789	67	4	AGGA	0.5	AGGAAGGAAGGAAGGAAGGAAGGAAGGAAGGAAGGAAGGAAGGAAGGAAGGAAGGAAGGAAGGA	"AGGAAGGAAGGAA:0.037,AGGAAGGAAGGAAGGAA:0.261,AGGAAGGAAGGAAGGAAGGAA:0.127,AGGAAGGAAGGAAGGAAGGAAGGAA:0.134,AGGAAGGAAGGAAGGAAGGAAGGAAGGAA:0.134,AGGAAGGAAGGAAGGAAGGAAGGAAGGAAGGAA:0.224,AGGAAGGAAGGAAGGAAGGAAGGAAGGAAGGAAGGAA:0.067,AGGAAGGAAGGAAGGAAGGAAGGAAGGAAGGAAGGAAGGAAGGAA:0.015"
chr2	7195000	7195005	8	0.063	0.813	0.681818	0.789343865	108	4	AGGA	0.5	AGGAAGGAAGGAAGGAAGGAAGGAAGGAAGGAAGGAAGGAAGGAAGGAAGGA	"A:0.051,AGGAA:0.093,AGGAAGGAA:0.213,AGGAAGGAAGGAA:0.093,AGGAAGGAAGGAAGGAA:0.301,AGGAAGGAAGGAAGGAAGGAA:0.162,AGGAAGGAAGGAAGGAAGGAAGGAA:0.065,AGGAAGGAAGGAAGGAAGGAAGGAAGGAA:0.023"
chr2	15102978	15102999	9	0.676	0.805	0.888889	0.783104329	82	4	AGGA	0.5	AGGAAGGAAGGAAGGAAGGAAGGAAGGAAGGAAGGAAGGAAGGAAGGAAGGA	"AGGAAGGAA:0.341,AGGAAGGAAGGAA:0.152,AGGAAGGAAGGAAGGAA:0.061,AGGAAGGAAGGAAGGAAGGAA:0.055,AGGAAGGAAGGAAGGAAGGAAGGAA:0.085,AGGAAGGAAGGAAGGAAGGAAGGAAGGAA:0.189,AGGAAGGAAGGAAGGAAGGAAGGAAGGAAGGAA:0.061,AGGAAGGAAGGAAGGAAGGAAGGAAGGAAGGAAGGAA:0.037,AGGAAGGAAGGAAGGAAGGAAGGAAGGAAGGAAGGAAGGAA:0.018"
chr2	8395758	8395767	8	0.813	0.768	0.590909	0.735965373	100	4	AGGA	0.5	AGGAAGGAAGGAAGGAAGGAAGGAAGGAAGGAAGGAAGGAAGGAAGGAAGGAAGGAAGGA	"A:0.010,AGGAA:0.085,AGGAAGGAA:0.175,AGGAAGGAAGGAA:0.365,AGGAAGGAAGGAAGGAA:0.220,AGGAAGGAAGGAAGGAAGGAA:0.105,AGGAAGGAAGGAAGGAAGGAAGGAA:0.030,AGGAAGGAAGGAAGGAAGGAAGGAAGGAA:0.010"
chr3	169056498	169056504	10	1	0.86	1	0.84453161	48	5	GAAAG	0.4	GAAAGGAAAGGAAAGGAAAGGAAAGGAAAGGAAAGGAAAGGAAAGGAAAG	"G:0.031,GAAAGGAAAGG:0.052,GAAAGGAAAGGAAAGG:0.083,GAAAGGAAAGGAAAGGAAAGG:0.156,GAAAGGAAAGGAAAGGAAAGGAAAGG:0.188,GAAAGGAAAGGAAAGGAAAGGAAAGGAAAGG:0.208,GAAAGGAAAGGAAAGGAAAGGAAAGGAAAGGAAAGG:0.125,GAAAGGAAAGGAAAGGAAAGGAAAGGAAAGGAAAGGAAAGG:0.083,GAAAGGAAAGGAAAGGAAAGGAAAGGAAAGGAAAGGAAAGGAAAGG:0.062,GAAAGGAAAGGAAAGGAAAGGAAAGGAAAGGAAAGGAAAGGAAAGGAAAGG:0.010"
chr3	170111262	170111283	8	0.132	0.848	0.941176	0.830211625	104	4	GAAG	0.5	GAAGGAAGGAAGGAAGGAAGGAAGGAAGGAAGGAAGGAAGGAAGGAAGGAAGGAAG	"G:0.010,GAAGG:0.173,GAAGGAAGG:0.087,GAAGGAAGGAAGG:0.115,GAAGGAAGGAAGGAAGG:0.250,GAAGGAAGGAAGGAAGGAAGG:0.115,GAAGGAAGGAAGGAAGGAAGGAAGG:0.130,GAAGGAAGGAAGGAAGGAAGGAAGGAAGG:0.091,GAAGGAAGGAAGGAAGGAAGGAAGGAAGGAAGG:0.019,GAAGGAAGGAAGGAAGGAAGGAAGGAAGGAAGGAAGG:0.010"
chr3	56821963	56821989	9	0.452	0.838	0.714286	0.819248078	117	5	GAGAA	0.4	GAGAAGAGAAGAGAAGAGAAGAGAAGAGAAGAGAAGAGAAGAGAAGAGAAGAGAAGAGAAGAGAAGAGAA	"G:0.017,GAGAAG:0.085,GAGAAGAGAAG:0.077,GAGAAGAGAAGAGAAG:0.256,GAGAAGAGAAGAGAAGAGAAG:0.226,GAGAAGAGAAGAGAAGAGAAGAGAAG:0.073,GAGAAGAGAAGAGAAGAGAAGAGAAGAGAAG:0.111,GAGAAGAGAAGAGAAGAGAAGAGAAGAGAAGAGAAG:0.111,GAGAAGAGAAGAGAAGAGAAGAGAAGAGAAGAGAAGAGAAG:0.043"
chr3	61995683	61995712	12	0.89	0.837	0.666667	0.818526656	96	4	CCTT	0.5	CCTTCCTTCCTTCCTTCCTTCCTTCCTTCCTTCCTTCCTTCCTTCCTTCCTTCCTTCCTTCCTT	"C:0.010,CCTTCCTTC:0.010,CCTTCCTTCCTTC:0.031,CCTTCCTTCCTTCCTTC:0.094,CCTTCCTTCCTTCCTTCCTTC:0.141,CCTTCCTTCCTTCCTTCCTTCCTTC:0.281,CCTTCCTTCCTTCCTTCCTTCCTTCCTTC:0.198,CCTTCCTTCCTTCCTTCCTTCCTTCCTTCCTTC:0.099,CCTTCCTTCCTTCCTTCCTTCCTTCCTTCCTTCCTTC:0.052,CCTTCCTTCCTTCCTTCCTTCCTTCCTTCCTTCCTTCCTTC:0.042,CCTTCCTTCCTTCCTTCCTTCCTTCCTTCCTTCCTTCCTTCCTTC:0.021,CCTTCCTTCCTTCCTTCCTTCCTTCCTTCCTTCCTTCCTTCCTTCCTTCCTTC:0.021"
chr3	166747833	166747858	9	0.442	0.821	0.730769	0.798758865	104	4	CTTC	0.5	CTTCCTTCCTTCCTTCCTTCCTTCCTTCCTTCCTTCCTTCCTTCCTTCCTTCCTTCCTTCCTTC	"C:0.014,CTTCC:0.159,CTTCCTTCC:0.053,CTTCCTTCCTTCC:0.091,CTTCCTTCCTTCCTTCC:0.264,CTTCCTTCCTTCCTTCCTTCC:0.245,CTTCCTTCCTTCCTTCCTTCCTTCC:0.096,CTTCCTTCCTTCCTTCCTTCCTTCCTTCC:0.053,CTTCCTTCCTTCCTTCCTTCCTTCCTTCCTTCC:0.010,CTTCCTTCCTTCCTTCCTTCCTTCCTTCCTTCCTTCC:0.014"
chr3	62383952	62383953	8	0.598	0.818	0.818182	0.792007021	97	4	CCTT	0.5	CCTTCCTTCCTTCCTTCCTTCCTTCCTTCCTTCCTT	"CCTTC:0.155,CCTTCCTTC:0.015,CCTTCCTTCCTTC:0.041,CCTTCCTTCCTTCCTTC:0.222,CCTTCCTTCCTTCCTTCCTTC:0.232,CCTTCCTTCCTTCCTTCCTTCCTTC:0.211,CCTTCCTTCCTTCCTTCCTTCCTTCCTTC:0.088,CCTTCCTTCCTTCCTTCCTTCCTTCCTTCCTTC:0.036"
chr3	187597669	187597702	8	0.538	0.798	0.692308	0.770959885	102	4	TTCC	0.5	TTCCTTCCTTCCTTCCTTCCTTCCTTCCTTCCTTCCTTCCTTCCTTCCTTCCTTCCTTCCTTCC	"T:0.029,TTCCTTCCTTCCT:0.083,TTCCTTCCTTCCTTCCT:0.039,TTCCTTCCTTCCTTCCTTCCT:0.206,TTCCTTCCTTCCTTCCTTCCTTCCT:0.299,TTCCTTCCTTCCTTCCTTCCTTCCTTCCT:0.230,TTCCTTCCTTCCTTCCTTCCTTCCTTCCTTCCT:0.078,TTCCTTCCTTCCTTCCTTCCTTCCTTCCTTCCTTCCT:0.034"
chr3	1300450	1300467	8	1	0.79	0.634146	0.762132149	116	4	AGGA	0.5	AGGAAGGAAGGAAGGAAGGAAGGAAGGAAGGAAGGAAGGAAGGA	"A:0.224,AGGAA:0.069,AGGAAGGAA:0.069,AGGAAGGAAGGAA:0.030,AGGAAGGAAGGAAGGAA:0.147,AGGAAGGAAGGAAGGAAGGAA:0.341,AGGAAGGAAGGAAGGAAGGAAGGAA:0.108,AGGAAGGAAGGAAGGAAGGAAGGAAGGAAGGAA:0.013"
chr3	189056032	189056097	8	0.0151	0.774	0.818182	0.741256625	42	4	CCTT	0.5	CCTTCCTTCCTTCCTTCCTTCCTTCCTTCCTTCCTTCCTTCCTTCCTTCCTTCCTTCCTTCCTTCCTT	"CCTTCCTTCCTTCCTTCCTTCCTTCCTTCCTTCCTTCCTTCCTTCCTTC:0.036,CCTTCCTTCCTTCCTTCCTTCCTTCCTTCCTTCCTTCCTTCCTTCCTTCCTTC:0.119,CCTTCCTTCCTTCCTTCCTTCCTTCCTTCCTTCCTTCCTTCCTTCCTTCCTTCCTTC:0.179,CCTTCCTTCCTTCCTTCCTTCCTTCCTTCCTTCCTTCCTTCCTTCCTTCCTTCCTTCCTTC:0.238,CCTTCCTTCCTTCCTTCCTTCCTTCCTTCCTTCCTTCCTTCCTTCCTTCCTTCCTTCCTTCCTTC:0.345,CCTTCCTTCCTTCCTTCCTTCCTTCCTTCCTTCCTTCCTTCCTTCCTTCCTTCCTTCCTTCCTTCCTTC:0.024,CCTTCCTTCCTTCCTTCCTTCCTTCCTTCCTTCCTTCCTTCCTTCCTTCCTTCCTTCCTTCCTTCCTTCCTTC:0.048,CCTTCCTTCCTTCCTTCCTTCCTTCCTTCCTTCCTTCCTTCCTTCCTTCCTTCCTTCCTTCCTTCCTTCCTTCCTTC:0.012"
chr3	73857171	73857192	8	0.325	0.764	0.590909	0.730739384	92	4	TCCT	0.5	TCCTTCCTTCCTTCCTTCCTTCCTTCCTTCCTTCCTTCCTTCCTTCCTTCCTTCCT	"T:0.016,TCCTTCCTT:0.076,TCCTTCCTTCCTT:0.359,TCCTTCCTTCCTTCCTT:0.255,TCCTTCCTTCCTTCCTTCCTT:0.168,TCCTTCCTTCCTTCCTTCCTTCCTT:0.076,TCCTTCCTTCCTTCCTTCCTTCCTTCCTT:0.038,TCCTTCCTTCCTTCCTTCCTTCCTTCCTTCCTT:0.011"
chr3	188624780	188624781	11	0.339	0.744	0.594595	0.714942686	92	4	TTCC	0.5	TTCCTTCCTTCCTTCCTTCCTTCCTTCC	"T:0.114,TTCCT:0.060,TTCCTTCCT:0.049,TTCCTTCCTTCCT:0.429,TTCCTTCCTTCCTTCCT:0.223,TTCCTTCCTTCCTTCCTTCCT:0.027,TTCCTTCCTTCCTTCCTTCCTTCCT:0.011,TTCCTTCCTTCCTTCCTTCCTTCCTTCCT:0.011,TTCCTTCCTTCCTTCCTTCCTTCCTTCCTTCCT:0.033,TTCCTTCCTTCCTTCCTTCCTTCCTTCCTTCCTTCCT:0.033,TTCCTTCCTTCCTTCCTTCCTTCCTTCCTTCCTTCCTTCCT:0.011"
chr3	85809659	85809680	8	0.241	0.751	0.842105	0.70789032	47	4	CCTT	0.5	CCTTCCTTCCTTCCTTCCTTCCTTCCTTCCTTCCTTCCTTCCTTCCTTCCTTCCTTCCTT	"C:0.011,CCTTC:0.064,CCTTCCTTC:0.011,CCTTCCTTCCTTC:0.277,CCTTCCTTCCTTCCTTC:0.298,CCTTCCTTCCTTCCTTCCTTC:0.277,CCTTCCTTCCTTCCTTCCTTCCTTC:0.053,CCTTCCTTCCTTCCTTCCTTCCTTCCTTC:0.011"
chr4	25936527	25936552	9	0.0975	0.867	0.733333	0.852823686	97	4	AAGG	0.5	AAGGAAGGAAGGAAGGAAGGAAGGAAGGAAGGAAGGAAGGAAGGAAGGAAGGAAGG	"A:0.067,AAGGA:0.149,AAGGAAGGA:0.098,AAGGAAGGAAGGA:0.144,AAGGAAGGAAGGAAGGA:0.186,AAGGAAGGAAGGAAGGAAGGA:0.139,AAGGAAGGAAGGAAGGAAGGAAGGA:0.129,AAGGAAGGAAGGAAGGAAGGAAGGAAGGA:0.067,AAGGAAGGAAGGAAGGAAGGAAGGAAGGAAGGA:0.021"
chr4	165357889	165357920	10	0.625	0.865	0.714286	0.850307634	80	5	CCTTC	0.6	CCTTCCCTTCCCTTCCCTTCCCTTCCCTTCCCTTCCCTTCCCTTCCCTTCCCTTCCCTTCCCTTCCCTTC	"CCTTCCCTTCC:0.094,CCTTCCCTTCCCTTCC:0.031,CCTTCCCTTCCCTTCCCTTCC:0.200,CCTTCCCTTCCCTTCCCTTCCCTTCC:0.100,CCTTCCCTTCCCTTCCCTTCCCTTCCCTTCC:0.087,CCTTCCCTTCCCTTCCCTTCCCTTCCCTTCCCTTCC:0.144,CCTTCCCTTCCCTTCCCTTCCCTTCCCTTCCCTTCCCTTCC:0.138,CCTTCCCTTCCCTTCCCTTCCCTTCCCTTCCCTTCCCTTCCCTTCC:0.163,CCTTCCCTTCCCTTCCCTTCCCTTCCCTTCCCTTCCCTTCCCTTCCCTTCC:0.031,CCTTCCCTTCCCTTCCCTTCCCTTCCCTTCCCTTCCCTTCCCTTCCCTTCCCTTCC:0.013"
chr4	30198668	30198709	11	0.147	0.861	0.684211	0.846535236	64	5	TCTTC	0.4	TCTTCTCTTCTCTTCTCTTCTCTTCTCTTCTCTTCTCTTCTCTTCTCTTCTCTTCTCTTCTCTTCTCTTCTCTTC	"TCTTCTCTTCT:0.047,TCTTCTCTTCTCTTCT:0.086,TCTTCTCTTCTCTTCTCTTCT:0.148,TCTTCTCTTCTCTTCTCTTCTCTTCT:0.242,TCTTCTCTTCTCTTCTCTTCTCTTCTCTTCT:0.156,TCTTCTCTTCTCTTCTCTTCTCTTCTCTTCTCTTCT:0.078,TCTTCTCTTCTCTTCTCTTCTCTTCTCTTCTCTTCTCTTCT:0.117,TCTTCTCTTCTCTTCTCTTCTCTTCTCTTCTCTTCTCTTCTCTTCT:0.023,TCTTCTCTTCTCTTCTCTTCTCTTCTCTTCTCTTCTCTTCTCTTCTCTTCT:0.055,TCTTCTCTTCTCTTCTCTTCTCTTCTCTTCTCTTCTCTTCTCTTCTCTTCTCTTCT:0.031,TCTTCTCTTCTCTTCTCTTCTCTTCTCTTCTCTTCTCTTCTCTTCTCTTCTCTTCTCTTCT:0.016"
chr4	124659048	124659069	12	0.158	0.858	0.8	0.842082411	36	5	TCCCT	0.6	TCCCTTCCCTTCCCTTCCCTTCCCTTCCCTTCCCTTCCCTTCCCTTCCCTTCCCT	"T:0.014,TCCCTTCCCTT:0.014,TCCCTTCCCTTCCCTT:0.111,TCCCTTCCCTTCCCTTCCCTT:0.111,TCCCTTCCCTTCCCTTCCCTTCCCTT:0.181,TCCCTTCCCTTCCCTTCCCTTCCCTTCCCTT:0.236,TCCCTTCCCTTCCCTTCCCTTCCCTTCCCTTCCCTT:0.125,TCCCTTCCCTTCCCTTCCCTTCCCTTCCCTTCCCTTCCCTT:0.097,TCCCTTCCCTTCCCTTCCCTTCCCTTCCCTTCCCTTCCCTTCCCTT:0.042,TCCCTTCCCTTCCCTTCCCTTCCCTTCCCTTCCCTTCCCTTCCCTTCCCTT:0.014,TCCCTTCCCTTCCCTTCCCTTCCCTTCCCTTCCCTTCCCTTCCCTTCCCTTCCCTT:0.042,TCCCTTCCCTTCCCTTCCCTTCCCTTCCCTTCCCTTCCCTTCCCTTCCCTTCCCTTCCCTT:0.014"
chr4	180565234	180565239	9	0.494	0.852	0.875	0.835277114	68	4	TTCC	0.5	TTCCTTCCTTCCTTCCTTCCTTCCTTCCTTCCTTCCTTCCTTCCTTCCTTCCTTCC	"T:0.022,TTCCT:0.074,TTCCTTCCT:0.074,TTCCTTCCTTCCT:0.235,TTCCTTCCTTCCTTCCT:0.184,TTCCTTCCTTCCTTCCTTCCT:0.147,TTCCTTCCTTCCTTCCTTCCTTCCT:0.118,TTCCTTCCTTCCTTCCTTCCTTCCTTCCT:0.096,TTCCTTCCTTCCTTCCTTCCTTCCTTCCTTCCT:0.051"
chr4	145957864	145957885	11	0.885	0.841	0.875	0.82334451	89	4	CTTC	0.5	CTTCCTTCCTTCCTTCCTTCCTTCCTTCCTTCCTTCCTTC	"CTTCCTTCCTTCC:0.275,CTTCCTTCCTTCCTTCC:0.017,CTTCCTTCCTTCCTTCCTTCC:0.022,CTTCCTTCCTTCCTTCCTTCCTTCC:0.045,CTTCCTTCCTTCCTTCCTTCCTTCCTTCC:0.051,CTTCCTTCCTTCCTTCCTTCCTTCCTTCCTTCC:0.090,CTTCCTTCCTTCCTTCCTTCCTTCCTTCCTTCCTTCC:0.135,CTTCCTTCCTTCCTTCCTTCCTTCCTTCCTTCCTTCCTTCC:0.202,CTTCCTTCCTTCCTTCCTTCCTTCCTTCCTTCCTTCCTTCCTTCC:0.079,CTTCCTTCCTTCCTTCCTTCCTTCCTTCCTTCCTTCCTTCCTTCCTTCC:0.067,CTTCCTTCCTTCCTTCCTTCCTTCCTTCCTTCCTTCCTTCCTTCCTTCCTTCC:0.017"
chr4	54180656	54180681	9	0.888	0.829	0.791667	0.807774651	90	4	TTCC	0.5	TTCCTTCCTTCCTTCCTTCCTTCCTTCCTTCCTTCCTTCCTTCCTTCCTTCCTTCCTTCCTTCCTTCCTTCC	"T:0.017,TTCCT:0.022,TTCCTTCCT:0.050,TTCCTTCCTTCCT:0.094,TTCCTTCCTTCCTTCCT:0.172,TTCCTTCCTTCCTTCCTTCCT:0.228,TTCCTTCCTTCCTTCCTTCCTTCCT:0.239,TTCCTTCCTTCCTTCCTTCCTTCCTTCCT:0.133,TTCCTTCCTTCCTTCCTTCCTTCCTTCCTTCCT:0.044"
chr4	130201334	130201370	9	0.421	0.826	0.9	0.804016008	43	5	GGAAG	0.6	GGAAGGGAAGGGAAGGGAAGGGAAGGGAAGGGAAGGGAAGGGAAGGGAAGGGAAGGGAAGGGAAG	"G:0.012,GGAAGG:0.267,GGAAGGGAAGGGAAGGGAAGG:0.058,GGAAGGGAAGGGAAGGGAAGGGAAGG:0.081,GGAAGGGAAGGGAAGGGAAGGGAAGGGAAGG:0.128,GGAAGGGAAGGGAAGGGAAGGGAAGGGAAGGGAAGG:0.105,GGAAGGGAAGGGAAGGGAAGGGAAGGGAAGGGAAGGGAAGG:0.233,GGAAGGGAAGGGAAGGGAAGGGAAGGGAAGGGAAGGGAAGGGAAGG:0.105,GGAAGGGAAGGGAAGGGAAGGGAAGGGAAGGGAAGGGAAGGGAAGGGAAGG:0.012"
chr4	127001678	127001715	11	0.0114	0.815	0.9	0.794306216	45	4	GAAG	0.5	GAAGGAAGGAAGGAAGGAAGGAAGGAAGGAAGGAAGGAAGGAAGGAAGGAAGGAAGGAAGGAAG	"G:0.022,GAAGGAAGGAAGG:0.111,GAAGGAAGGAAGGAAGG:0.022,GAAGGAAGGAAGGAAGGAAGG:0.022,GAAGGAAGGAAGGAAGGAAGGAAGG:0.011,GAAGGAAGGAAGGAAGGAAGGAAGGAAGG:0.078,GAAGGAAGGAAGGAAGGAAGGAAGGAAGGAAGG:0.133,GAAGGAAGGAAGGAAGGAAGGAAGGAAGGAAGGAAGG:0.333,GAAGGAAGGAAGGAAGGAAGGAAGGAAGGAAGGAAGGAAGG:0.178,GAAGGAAGGAAGGAAGGAAGGAAGGAAGGAAGGAAGGAAGGAAGG:0.067,GAAGGAAGGAAGGAAGGAAGGAAGGAAGGAAGGAAGGAAGGAAGGAAGG:0.022"
chr4	150809851	150809877	8	0.562	0.808	0.9	0.781285922	119	5	ATACG	0.4	ATACGATACGATACGATACGATACGATACGATACGATACGATACGATACGATACGATACGATACGATACGATACGATACG	"A:0.025,ATACGA:0.080,ATACGATACGA:0.235,ATACGATACGATACGA:0.273,ATACGATACGATACGATACGA:0.189,ATACGATACGATACGATACGATACGA:0.126,ATACGATACGATACGATACGATACGATACGA:0.059,ATACGATACGATACGATACGATACGATACGATACGA:0.013"
chr4	83725375	83725408	8	0.0935	0.794	0.8	0.766153712	35	4	TTCC	0.5	TTCCTTCCTTCCTTCCTTCCTTCCTTCCTTCCTTCCTTCCTTCCTTCCTTCCTTCCTTCCTTCCTTCCTTCCTTCC	"TTCCTTCCT:0.014,TTCCTTCCTTCCTTCCT:0.071,TTCCTTCCTTCCTTCCTTCCT:0.157,TTCCTTCCTTCCTTCCTTCCTTCCT:0.229,TTCCTTCCTTCCTTCCTTCCTTCCTTCCT:0.329,TTCCTTCCTTCCTTCCTTCCTTCCTTCCTTCCT:0.100,TTCCTTCCTTCCTTCCTTCCTTCCTTCCTTCCTTCCT:0.071,TTCCTTCCTTCCTTCCTTCCTTCCTTCCTTCCTTCCTTCCT:0.029"
chr4	110402332	110402393	9	0.0318	0.781	0.666667	0.762558875	39	5	TCCTT	0.4	TCCTTTCCTTTCCTTTCCTTTCCTTTCCTTTCCTTTCCTTTCCTTTCCTTTCCTTTCCTTTCCTT	"TCCTTTCCTTTCCTTT:0.051,TCCTTTCCTTTCCTTTCCTTTCCTTT:0.026,TCCTTTCCTTTCCTTTCCTTTCCTTTCCTTT:0.115,TCCTTTCCTTTCCTTTCCTTTCCTTTCCTTTCCTTT:0.103,TCCTTTCCTTTCCTTTCCTTTCCTTTCCTTTCCTTTCCTTT:0.051,TCCTTTCCTTTCCTTTCCTTTCCTTTCCTTTCCTTTCCTTTCCTTT:0.103,TCCTTTCCTTTCCTTTCCTTTCCTTTCCTTTCCTTTCCTTTCCTTTCCTTT:0.077,TCCTTTCCTTTCCTTTCCTTTCCTTTCCTTTCCTTTCCTTTCCTTTCCTTTCCTTT:0.064,TCCTTTCCTTTCCTTTCCTTTCCTTTCCTTTCCTTTCCTTTCCTTTCCTTTCCTTTCCTTT:0.410"
chr4	155569942	155569963	9	0.579	0.765	0.8125	0.7395005	113	5	GGGAA	0.6	GGGAAGGGAAGGGAAGGGAAGGGAAGGGAAGGGAAGGGAAGGGAAGGGAAGGGAAGGGAA	"G:0.022,GGGAAG:0.031,GGGAAGGGAAG:0.407,GGGAAGGGAAGGGAAG:0.181,GGGAAGGGAAGGGAAGGGAAG:0.124,GGGAAGGGAAGGGAAGGGAAGGGAAG:0.111,GGGAAGGGAAGGGAAGGGAAGGGAAGGGAAG:0.075,GGGAAGGGAAGGGAAGGGAAGGGAAGGGAAGGGAAG:0.031,GGGAAGGGAAGGGAAGGGAAGGGAAGGGAAGGGAAGGGAAG:0.018"
chr5	109610752	109610753	10	0.733	0.847	1	0.829449604	66	4	AGGA	0.5	AGGAAGGAAGGAAGGAAGGAAGGAAGGAAGGAAGGA	"A:0.030,AGGAAGGAAGGAA:0.038,AGGAAGGAAGGAAGGAA:0.023,AGGAAGGAAGGAAGGAAGGAA:0.114,AGGAAGGAAGGAAGGAAGGAAGGAA:0.091,AGGAAGGAAGGAAGGAAGGAAGGAAGGAA:0.197,AGGAAGGAAGGAAGGAAGGAAGGAAGGAAGGAA:0.258,AGGAAGGAAGGAAGGAAGGAAGGAAGGAAGGAAGGAA:0.106,AGGAAGGAAGGAAGGAAGGAAGGAAGGAAGGAAGGAAGGAA:0.106,AGGAAGGAAGGAAGGAAGGAAGGAAGGAAGGAAGGAAGGAAGGAA:0.038"
chr5	146002470	146002487	8	0.728	0.805	0.714286	0.779687209	119	4	AAGG	0.5	AAGGAAGGAAGGAAGGAAGGAAGGAAGGAAGGAAGGAAGGAAGGAAGGAAGGAAGGAAGGAAGGAAGG	"A:0.013,AAGGA:0.084,AAGGAAGGA:0.164,AAGGAAGGAAGGA:0.319,AAGGAAGGAAGGAAGGA:0.181,AAGGAAGGAAGGAAGGAAGGA:0.126,AAGGAAGGAAGGAAGGAAGGAAGGA:0.101,AAGGAAGGAAGGAAGGAAGGAAGGAAGGA:0.013"
chr6	85872301	85872342	11	0.794	0.861	0.666667	0.845144805	31	4	CCTT	0.5	CCTTCCTTCCTTCCTTCCTTCCTTCCTTCCTTCCTTCCTTCCTTCCTTCCTTCCTTCCTTCCTT	"CCTTCCTTCCTTCCTTCCTTCCTTC:0.048,CCTTCCTTCCTTCCTTCCTTCCTTCCTTC:0.032,CCTTCCTTCCTTCCTTCCTTCCTTCCTTCCTTC:0.032,CCTTCCTTCCTTCCTTCCTTCCTTCCTTCCTTCCTTC:0.161,CCTTCCTTCCTTCCTTCCTTCCTTCCTTCCTTCCTTCCTTC:0.177,CCTTCCTTCCTTCCTTCCTTCCTTCCTTCCTTCCTTCCTTCCTTC:0.194,CCTTCCTTCCTTCCTTCCTTCCTTCCTTCCTTCCTTCCTTCCTTCCTTC:0.161,CCTTCCTTCCTTCCTTCCTTCCTTCCTTCCTTCCTTCCTTCCTTCCTTCCTTC:0.097,CCTTCCTTCCTTCCTTCCTTCCTTCCTTCCTTCCTTCCTTCCTTCCTTCCTTCCTTC:0.016,CCTTCCTTCCTTCCTTCCTTCCTTCCTTCCTTCCTTCCTTCCTTCCTTCCTTCCTTCCTTC:0.065,CCTTCCTTCCTTCCTTCCTTCCTTCCTTCCTTCCTTCCTTCCTTCCTTCCTTCCTTCCTTCCTTC:0.016"
chr6	154925745	154925776	11	0.197	0.848	0.666667	0.829930251	95	5	TTCTC	0.4	TTCTCTTCTCTTCTCTTCTCTTCTCTTCTCTTCTCTTCTCTTCTCTTCTCTTCTCTTCTCTTCTCTTCTC	"T:0.021,TTCTCT:0.163,TTCTCTTCTCT:0.195,TTCTCTTCTCTTCTCT:0.211,TTCTCTTCTCTTCTCTTCTCT:0.158,TTCTCTTCTCTTCTCTTCTCTTCTCT:0.068,TTCTCTTCTCTTCTCTTCTCTTCTCTTCTCT:0.105,TTCTCTTCTCTTCTCTTCTCTTCTCTTCTCTTCTCT:0.026,TTCTCTTCTCTTCTCTTCTCTTCTCTTCTCTTCTCTTCTCT:0.011,TTCTCTTCTCTTCTCTTCTCTTCTCTTCTCTTCTCTTCTCTTCTCT:0.026,TTCTCTTCTCTTCTCTTCTCTTCTCTTCTCTTCTCTTCTCTTCTCTTCTCT:0.016"
chr6	15111793	15111806	8	0.898	0.837	0.64	0.816683758	113	4	AGGA	0.5	AGGAAGGAAGGAAGGAAGGAAGGAAGGAAGGAAGGAAGGAAGGAAGGAAGGAAGGAAGGA	"A:0.031,AGGAA:0.097,AGGAAGGAA:0.142,AGGAAGGAAGGAA:0.199,AGGAAGGAAGGAAGGAA:0.212,AGGAAGGAAGGAAGGAAGGAA:0.181,AGGAAGGAAGGAAGGAAGGAAGGAA:0.119,AGGAAGGAAGGAAGGAAGGAAGGAAGGAA:0.018"
chr6	74196004	74196025	8	0.0623	0.828	1	0.805838221	99	4	TTCC	0.5	TTCCTTCCTTCCTTCCTTCCTTCCTTCCTTCCTTCCTTCCTTCCTTCCTTCCTTCCTTCCTTCC	"T:0.051,TTCCT:0.091,TTCCTTCCT:0.182,TTCCTTCCTTCCT:0.222,TTCCTTCCTTCCTTCCT:0.232,TTCCTTCCTTCCTTCCTTCCT:0.146,TTCCTTCCTTCCTTCCTTCCTTCCT:0.051,TTCCTTCCTTCCTTCCTTCCTTCCTTCCT:0.025"
chr6	151636095	151636100	9	0.444	0.819	1	0.799949579	72	4	TTCC	0.5	TTCCTTCCTTCCTTCCTTCCTTCCTTCCTTCCTTCCTTCC	"T:0.083,TTCCT:0.035,TTCCTTCCT:0.104,TTCCTTCCTTCCT:0.062,TTCCTTCCTTCCTTCCT:0.146,TTCCTTCCTTCCTTCCTTCCT:0.333,TTCCTTCCTTCCTTCCTTCCTTCCT:0.132,TTCCTTCCTTCCTTCCTTCCTTCCTTCCT:0.090,TTCCTTCCTTCCTTCCTTCCTTCCTTCCTTCCT:0.014"
chr6	97469200	97469213	8	0.555	0.812	0.714286	0.785064227	118	4	CCTT	0.5	CCTTCCTTCCTTCCTTCCTTCCTTCCTTCCTTCCTTCCTTCCTTCCTTCCTT	"C:0.203,CCTTC:0.174,CCTTCCTTC:0.017,CCTTCCTTCCTTC:0.106,CCTTCCTTCCTTCCTTC:0.212,CCTTCCTTCCTTCCTTCCTTC:0.242,CCTTCCTTCCTTCCTTCCTTCCTTC:0.034,CCTTCCTTCCTTCCTTCCTTCCTTCCTTC:0.013"
chr7	12157529	12157570	10	0.132	0.828	0.666667	0.80634845	63	4	AAGG	0.5	AAGGAAGGAAGGAAGGAAGGAAGGAAGGAAGGAAGGAAGGAAGGAAGGAAGGAAGG	"A:0.016,AAGGAAGGAAGGAAGGA:0.032,AAGGAAGGAAGGAAGGAAGGA:0.127,AAGGAAGGAAGGAAGGAAGGAAGGA:0.016,AAGGAAGGAAGGAAGGAAGGAAGGAAGGA:0.040,AAGGAAGGAAGGAAGGAAGGAAGGAAGGAAGGA:0.198,AAGGAAGGAAGGAAGGAAGGAAGGAAGGAAGGAAGGA:0.222,AAGGAAGGAAGGAAGGAAGGAAGGAAGGAAGGAAGGAAGGA:0.238,AAGGAAGGAAGGAAGGAAGGAAGGAAGGAAGGAAGGAAGGAAGGA:0.079,AAGGAAGGAAGGAAGGAAGGAAGGAAGGAAGGAAGGAAGGAAGGAAGGA:0.032"
chr7	123649429	123649454	9	0.108	0.824	0.8	0.801278512	114	4	TTCC	0.5	TTCCTTCCTTCCTTCCTTCCTTCCTTCCTTCCTTCCTTCCTTCCTTCCTTCC	"T:0.035,TTCCT:0.149,TTCCTTCCT:0.018,TTCCTTCCTTCCT:0.241,TTCCTTCCTTCCTTCCT:0.246,TTCCTTCCTTCCTTCCTTCCT:0.136,TTCCTTCCTTCCTTCCTTCCTTCCT:0.039,TTCCTTCCTTCCTTCCTTCCTTCCTTCCT:0.114,TTCCTTCCTTCCTTCCTTCCTTCCTTCCTTCCT:0.022"
chr7	65290498	65290511	8	0.187	0.814	0.714286	0.790788059	115	4	CCTT	0.5	CCTTCCTTCCTTCCTTCCTTCCTTCCTTCCTTCCTTCCTTCCTTCCTT	"C:0.065,CCTTC:0.070,CCTTCCTTC:0.274,CCTTCCTTCCTTC:0.117,CCTTCCTTCCTTCCTTC:0.265,CCTTCCTTCCTTCCTTCCTTC:0.100,CCTTCCTTCCTTCCTTCCTTCCTTC:0.083,CCTTCCTTCCTTCCTTCCTTCCTTCCTTC:0.026"
chr7	130472253	130472278	8	0.633	0.757	0.6875	0.720839142	53	4	CCTT	0.5	CCTTCCTTCCTTCCTTCCTTCCTTCCTTCCTTCCTTCCTTCCTTCCTTCCTTCCTT	"CCTTC:0.028,CCTTCCTTCCTTC:0.085,CCTTCCTTCCTTCCTTC:0.358,CCTTCCTTCCTTCCTTCCTTC:0.198,CCTTCCTTCCTTCCTTCCTTCCTTC:0.255,CCTTCCTTCCTTCCTTCCTTCCTTCCTTC:0.038,CCTTCCTTCCTTCCTTCCTTCCTTCCTTCCTTC:0.019,CCTTCCTTCCTTCCTTCCTTCCTTCCTTCCTTCCTTC:0.019"
chr8	77606689	77606722	12	0.342	0.865	0.8	0.850972914	60	4	GAAG	0.5	GAAGGAAGGAAGGAAGGAAGGAAGGAAGGAAGGAAGGAAGGAAGGAAGGAAGGAAGGAAGGAAG	"G:0.017,GAAGG:0.017,GAAGGAAGG:0.108,GAAGGAAGGAAGG:0.033,GAAGGAAGGAAGGAAGG:0.050,GAAGGAAGGAAGGAAGGAAGG:0.075,GAAGGAAGGAAGGAAGGAAGGAAGG:0.192,GAAGGAAGGAAGGAAGGAAGGAAGGAAGG:0.175,GAAGGAAGGAAGGAAGGAAGGAAGGAAGGAAGG:0.192,GAAGGAAGGAAGGAAGGAAGGAAGGAAGGAAGGAAGG:0.083,GAAGGAAGGAAGGAAGGAAGGAAGGAAGGAAGGAAGGAAGG:0.042,GAAGGAAGGAAGGAAGGAAGGAAGGAAGGAAGGAAGGAAGGAAGG:0.017"
chr8	84223082	84223118	11	0.0931	0.85	0.833333	0.832293165	84	5	CCTTT	0.4	CCTTTCCTTTCCTTTCCTTTCCTTTCCTTTCCTTTCCTTTCCTTTCCTTTCCTTTCCTTTCCTTTCCTTTCCTTT	"C:0.012,CCTTTC:0.030,CCTTTCCTTTC:0.012,CCTTTCCTTTCCTTTC:0.036,CCTTTCCTTTCCTTTCCTTTC:0.149,CCTTTCCTTTCCTTTCCTTTCCTTTC:0.161,CCTTTCCTTTCCTTTCCTTTCCTTTCCTTTC:0.131,CCTTTCCTTTCCTTTCCTTTCCTTTCCTTTCCTTTC:0.137,CCTTTCCTTTCCTTTCCTTTCCTTTCCTTTCCTTTCCTTTC:0.238,CCTTTCCTTTCCTTTCCTTTCCTTTCCTTTCCTTTCCTTTCCTTTC:0.083,CCTTTCCTTTCCTTTCCTTTCCTTTCCTTTCCTTTCCTTTCCTTTCCTTTC:0.012"
chr8	12888889	12888922	9	0.79	0.848	0.681818	0.829566044	108	4	GGAA	0.5	GGAAGGAAGGAAGGAAGGAAGGAAGGAAGGAAGGAAGGAAGGAAGGAAGGAAGGAAGGAAGGAA	"G:0.167,GGAAG:0.019,GGAAGGAAG:0.106,GGAAGGAAGGAAGGAAG:0.069,GGAAGGAAGGAAGGAAGGAAG:0.176,GGAAGGAAGGAAGGAAGGAAGGAAG:0.111,GGAAGGAAGGAAGGAAGGAAGGAAGGAAG:0.236,GGAAGGAAGGAAGGAAGGAAGGAAGGAAGGAAG:0.093,GGAAGGAAGGAAGGAAGGAAGGAAGGAAGGAAGGAAG:0.023"
chr8	118729816	118729841	9	0.0489	0.836	0.785714	0.81464229	69	4	TTCC	0.5	TTCCTTCCTTCCTTCCTTCCTTCCTTCCTTCCTTCCTTCCTTCCTTCCTTCC	"TTCCTTCCT:0.029,TTCCTTCCTTCCTTCCT:0.080,TTCCTTCCTTCCTTCCTTCCT:0.051,TTCCTTCCTTCCTTCCTTCCTTCCT:0.196,TTCCTTCCTTCCTTCCTTCCTTCCTTCCT:0.196,TTCCTTCCTTCCTTCCTTCCTTCCTTCCTTCCT:0.232,TTCCTTCCTTCCTTCCTTCCTTCCTTCCTTCCTTCCT:0.145,TTCCTTCCTTCCTTCCTTCCTTCCTTCCTTCCTTCCTTCCT:0.051,TTCCTTCCTTCCTTCCTTCCTTCCTTCCTTCCTTCCTTCCTTCCT:0.022"
chr8	26622091	26622100	8	0.036	0.819	0.75	0.79489871	47	4	TTCC	0.5	TTCCTTCCTTCCTTCCTTCCTTCCTTCCTTCCTTCCTTCCTTCCTTCCTTCCTTCCTTCCTTCCTTCC	"TTCCT:0.074,TTCCTTCCT:0.266,TTCCTTCCTTCCT:0.160,TTCCTTCCTTCCTTCCT:0.096,TTCCTTCCTTCCTTCCTTCCT:0.223,TTCCTTCCTTCCTTCCTTCCTTCCT:0.138,TTCCTTCCTTCCTTCCTTCCTTCCTTCCT:0.032,TTCCTTCCTTCCTTCCTTCCTTCCTTCCTTCCT:0.011"
chr8	75466571	75466592	8	0.0242	0.807	0.823529	0.781709805	54	4	TCCT	0.5	TCCTTCCTTCCTTCCTTCCTTCCTTCCTTCCTTCCTTCCTTCCTTCCTTCCTTCCTTCCTTCCT	"TCCTT:0.056,TCCTTCCTT:0.074,TCCTTCCTTCCTT:0.102,TCCTTCCTTCCTTCCTT:0.222,TCCTTCCTTCCTTCCTTCCTT:0.185,TCCTTCCTTCCTTCCTTCCTTCCTT:0.296,TCCTTCCTTCCTTCCTTCCTTCCTTCCTT:0.046,TCCTTCCTTCCTTCCTTCCTTCCTTCCTTCCTT:0.019"
chr9	29541428	29541469	9	0.686	0.806	0.8	0.778802014	88	4	TTCC	0.5	TTCCTTCCTTCCTTCCTTCCTTCCTTCCTTCCTTCCTTCCTTCCTTCCTTCCTTCCTTCC	"TTCCTTCCTTCCTTCCTTCCTTCCTTCCT:0.028,TTCCTTCCTTCCTTCCTTCCTTCCTTCCTTCCT:0.017,TTCCTTCCTTCCTTCCTTCCTTCCTTCCTTCCTTCCT:0.244,TTCCTTCCTTCCTTCCTTCCTTCCTTCCTTCCTTCCTTCCT:0.108,TTCCTTCCTTCCTTCCTTCCTTCCTTCCTTCCTTCCTTCCTTCCT:0.097,TTCCTTCCTTCCTTCCTTCCTTCCTTCCTTCCTTCCTTCCTTCCTTCCT:0.239,TTCCTTCCTTCCTTCCTTCCTTCCTTCCTTCCTTCCTTCCTTCCTTCCTTCCT:0.233,TTCCTTCCTTCCTTCCTTCCTTCCTTCCTTCCTTCCTTCCTTCCTTCCTTCCTTCCT:0.017,TTCCTTCCTTCCTTCCTTCCTTCCTTCCTTCCTTCCTTCCTTCCTTCCTTCCTTCCTTCCT:0.017"
chr9	32804783	32804796	8	0.0788	0.805	0.703704	0.777407344	116	4	AAGG	0.5	AAGGAAGGAAGGAAGGAAGGAAGGAAGGAAGGAAGGAAGGAAGGAAGGAAGGAAGG	"A:0.039,AAGGA:0.181,AAGGAAGGA:0.125,AAGGAAGGAAGGA:0.121,AAGGAAGGAAGGAAGGA:0.289,AAGGAAGGAAGGAAGGAAGGA:0.216,AAGGAAGGAAGGAAGGAAGGAAGGA:0.017,AAGGAAGGAAGGAAGGAAGGAAGGAAGGA:0.013"
chr9	22528041	22528058	9	0.262	0.769	0.615385	0.740349896	90	4	TTCC	0.5	TTCCTTCCTTCCTTCCTTCCTTCCTTCCTTCCTTCCTTCCTTCCTTCC	"T:0.022,TTCCTTCCTTCCTTCCT:0.011,TTCCTTCCTTCCTTCCTTCCT:0.056,TTCCTTCCTTCCTTCCTTCCTTCCT:0.161,TTCCTTCCTTCCTTCCTTCCTTCCTTCCT:0.383,TTCCTTCCTTCCTTCCTTCCTTCCTTCCTTCCT:0.200,TTCCTTCCTTCCTTCCTTCCTTCCTTCCTTCCTTCCT:0.111,TTCCTTCCTTCCTTCCTTCCTTCCTTCCTTCCTTCCTTCCT:0.039,TTCCTTCCTTCCTTCCTTCCTTCCTTCCTTCCTTCCTTCCTTCCT:0.017"
chr10	8482651	8482672	9	0.682	0.839	0.666667	0.82114663	44	4	TCCT	0.5	TCCTTCCTTCCTTCCTTCCTTCCTTCCTTCCTTCCTTCCTTCCTTCCT	"TCCTT:0.261,TCCTTCCTT:0.102,TCCTTCCTTCCTT:0.091,TCCTTCCTTCCTTCCTTCCTT:0.057,TCCTTCCTTCCTTCCTTCCTTCCTT:0.045,TCCTTCCTTCCTTCCTTCCTTCCTTCCTT:0.227,TCCTTCCTTCCTTCCTTCCTTCCTTCCTTCCTT:0.102,TCCTTCCTTCCTTCCTTCCTTCCTTCCTTCCTTCCTT:0.068,TCCTTCCTTCCTTCCTTCCTTCCTTCCTTCCTTCCTTCCTT:0.045"
chr10	126721408	126721421	9	1	0.809	0.866667	0.784466841	83	4	GAAG	0.5	GAAGGAAGGAAGGAAGGAAGGAAGGAAGGAAGGAAGGAAGGAAGGAAGGAAGGAAGGAAG	"G:0.012,GAAGG:0.024,GAAGGAAGG:0.175,GAAGGAAGGAAGG:0.193,GAAGGAAGGAAGGAAGG:0.313,GAAGGAAGGAAGGAAGGAAGG:0.114,GAAGGAAGGAAGGAAGGAAGGAAGG:0.078,GAAGGAAGGAAGGAAGGAAGGAAGGAAGG:0.072,GAAGGAAGGAAGGAAGGAAGGAAGGAAGGAAGG:0.018"
chr10	34913771	34913792	8	0.0826	0.808	0.787879	0.784298903	105	4	AAGG	0.5	AAGGAAGGAAGGAAGGAAGGAAGGAAGGAAGGAAGGAAGGAAGG	"A:0.052,AAGGAAGGAAGGA:0.038,AAGGAAGGAAGGAAGGA:0.319,AAGGAAGGAAGGAAGGAAGGA:0.181,AAGGAAGGAAGGAAGGAAGGAAGGA:0.110,AAGGAAGGAAGGAAGGAAGGAAGGAAGGA:0.176,AAGGAAGGAAGGAAGGAAGGAAGGAAGGAAGGA:0.095,AAGGAAGGAAGGAAGGAAGGAAGGAAGGAAGGAAGGA:0.029"
chr11	67077031	67077068	10	0.438	0.855	1	0.840437642	121	4	AAGG	0.5	AAGGAAGGAAGGAAGGAAGGAAGGAAGGAAGGAAGGAAGGAAGGAAGGAAGGAAGGAAGGAAGGAAGG	"A:0.058,AAGGAAGGA:0.112,AAGGAAGGAAGGA:0.132,AAGGAAGGAAGGAAGGA:0.041,AAGGAAGGAAGGAAGGAAGGA:0.107,AAGGAAGGAAGGAAGGAAGGAAGGA:0.103,AAGGAAGGAAGGAAGGAAGGAAGGAAGGA:0.273,AAGGAAGGAAGGAAGGAAGGAAGGAAGGAAGGA:0.091,AAGGAAGGAAGGAAGGAAGGAAGGAAGGAAGGAAGGA:0.070,AAGGAAGGAAGGAAGGAAGGAAGGAAGGAAGGAAGGAAGGA:0.012"
chr11	103699738	103699759	9	0.0369	0.824	1	0.805042665	49	4	TTCC	0.5	TTCCTTCCTTCCTTCCTTCCTTCCTTCCTTCCTTCCTTCCTTCCTTCCTTCCTTCC	"T:0.010,TTCCTTCCT:0.020,TTCCTTCCTTCCT:0.061,TTCCTTCCTTCCTTCCT:0.122,TTCCTTCCTTCCTTCCTTCCT:0.112,TTCCTTCCTTCCTTCCTTCCTTCCT:0.316,TTCCTTCCTTCCTTCCTTCCTTCCTTCCT:0.143,TTCCTTCCTTCCTTCCTTCCTTCCTTCCTTCCT:0.122,TTCCTTCCTTCCTTCCTTCCTTCCTTCCTTCCTTCCT:0.092"
chr11	72207307	72207320	8	0.917	0.746	0.678571	0.710103275	120	4	AGGA	0.5	AGGAAGGAAGGAAGGAAGGAAGGAAGGAAGGAAGGAAGGAAGGAAGGAAGGA	"A:0.025,AGGAA:0.375,AGGAAGGAA:0.304,AGGAAGGAAGGAA:0.087,AGGAAGGAAGGAAGGAA:0.071,AGGAAGGAAGGAAGGAAGGAA:0.071,AGGAAGGAAGGAAGGAAGGAAGGAA:0.046,AGGAAGGAAGGAAGGAAGGAAGGAAGGAA:0.021"
chr12	25925592	25925617	11	0.334	0.875	0.909091	0.862906879	121	4	AAGG	0.5	AAGGAAGGAAGGAAGGAAGGAAGGAAGGAAGGAAGGAAGGAAGGAAGGAAGGAAGGAAGGAAGG	"A:0.025,AAGGA:0.194,AAGGAAGGA:0.116,AAGGAAGGAAGGA:0.033,AAGGAAGGAAGGAAGGA:0.169,AAGGAAGGAAGGAAGGAAGGA:0.083,AAGGAAGGAAGGAAGGAAGGAAGGA:0.058,AAGGAAGGAAGGAAGGAAGGAAGGAAGGA:0.079,AAGGAAGGAAGGAAGGAAGGAAGGAAGGAAGGA:0.149,AAGGAAGGAAGGAAGGAAGGAAGGAAGGAAGGAAGGA:0.050,AAGGAAGGAAGGAAGGAAGGAAGGAAGGAAGGAAGGAAGGA:0.045"
chr12	42845638	42845644	9	0.638	0.832	1	0.812687603	73	5	TTCCT	0.4	TTCCTTTCCTTTCCTTTCCTTTCCTTTCCTTTCCTTTCCTTTCCTTTCCT	"T:0.055,TTCCTTTCCTT:0.062,TTCCTTTCCTTTCCTT:0.295,TTCCTTTCCTTTCCTTTCCTT:0.192,TTCCTTTCCTTTCCTTTCCTTTCCTT:0.110,TTCCTTTCCTTTCCTTTCCTTTCCTTTCCTT:0.082,TTCCTTTCCTTTCCTTTCCTTTCCTTTCCTTTCCTT:0.103,TTCCTTTCCTTTCCTTTCCTTTCCTTTCCTTTCCTTTCCTT:0.089,TTCCTTTCCTTTCCTTTCCTTTCCTTTCCTTTCCTTTCCTTTCCTT:0.014"
chr12	58608516	58608545	8	1	0.826	0.75	0.803144741	118	4	AAGG	0.5	AAGGAAGGAAGGAAGGAAGGAAGGAAGGAAGGAAGGAAGGAAGGAAGGAAGGAAGGAAGGAAGGAAGGAAGG	"A:0.013,AAGGA:0.085,AAGGAAGGA:0.140,AAGGAAGGAAGGA:0.153,AAGGAAGGAAGGAAGGA:0.186,AAGGAAGGAAGGAAGGAAGGA:0.258,AAGGAAGGAAGGAAGGAAGGAAGGA:0.148,AAGGAAGGAAGGAAGGAAGGAAGGAAGGA:0.017"
chr12	113047415	113047428	8	1	0.797	0.619048	0.77007042	48	4	AGGA	0.5	AGGAAGGAAGGAAGGAAGGAAGGAAGGAAGGAAGGAAGGAAGGA	"AGGAAGGAAGGAA:0.229,AGGAAGGAAGGAAGGAA:0.323,AGGAAGGAAGGAAGGAAGGAA:0.073,AGGAAGGAAGGAAGGAAGGAAGGAA:0.031,AGGAAGGAAGGAAGGAAGGAAGGAAGGAA:0.115,AGGAAGGAAGGAAGGAAGGAAGGAAGGAAGGAA:0.146,AGGAAGGAAGGAAGGAAGGAAGGAAGGAAGGAAGGAA:0.073,AGGAAGGAAGGAAGGAAGGAAGGAAGGAAGGAAGGAAGGAA:0.010"
chr12	81365985	81366030	9	0.0117	0.796	0.714286	0.769067957	49	4	CCTT	0.5	CCTTCCTTCCTTCCTTCCTTCCTTCCTTCCTTCCTTCCTTCCTTCCTT	"CCTTCCTTCCTTCCTTCCTTCCTTCCTTC:0.082,CCTTCCTTCCTTCCTTCCTTCCTTCCTTCCTTC:0.204,CCTTCCTTCCTTCCTTCCTTCCTTCCTTCCTTCCTTC:0.031,CCTTCCTTCCTTCCTTCCTTCCTTCCTTCCTTCCTTCCTTC:0.031,CCTTCCTTCCTTCCTTCCTTCCTTCCTTCCTTCCTTCCTTCCTTC:0.316,CCTTCCTTCCTTCCTTCCTTCCTTCCTTCCTTCCTTCCTTCCTTCCTTC:0.214,CCTTCCTTCCTTCCTTCCTTCCTTCCTTCCTTCCTTCCTTCCTTCCTTCCTTC:0.082,CCTTCCTTCCTTCCTTCCTTCCTTCCTTCCTTCCTTCCTTCCTTCCTTCCTTCCTTC:0.020,CCTTCCTTCCTTCCTTCCTTCCTTCCTTCCTTCCTTCCTTCCTTCCTTCCTTCCTTCCTTC:0.020"
chr13	80310021	80310042	8	0.447	0.809	0.612903	0.782088979	100	4	GGAA	0.5	GGAAGGAAGGAAGGAAGGAAGGAAGGAAGGAAGGAAGGAAGGAAGGAAGGAAGGAAGGAAGGAA	"G:0.030,GGAAG:0.050,GGAAGGAAG:0.270,GGAAGGAAGGAAG:0.160,GGAAGGAAGGAAGGAAG:0.165,GGAAGGAAGGAAGGAAGGAAG:0.240,GGAAGGAAGGAAGGAAGGAAGGAAG:0.065,GGAAGGAAGGAAGGAAGGAAGGAAGGAAG:0.020"
chr13	95423895	95423920	8	0.225	0.776	0.633333	0.740691512	118	4	TTCC	0.5	TTCCTTCCTTCCTTCCTTCCTTCCTTCCTTCCTTCCTTCCTTCCTTCCTTCC	"T:0.267,TTCCT:0.242,TTCCTTCCTTCCTTCCTTCCT:0.017,TTCCTTCCTTCCTTCCTTCCTTCCT:0.076,TTCCTTCCTTCCTTCCTTCCTTCCTTCCT:0.288,TTCCTTCCTTCCTTCCTTCCTTCCTTCCTTCCT:0.068,TTCCTTCCTTCCTTCCTTCCTTCCTTCCTTCCTTCCT:0.025,TTCCTTCCTTCCTTCCTTCCTTCCTTCCTTCCTTCCTTCCT:0.017"
chr13	45897242	45897267	8	0.162	0.745	0.692308	0.709967684	55	4	CCTT	0.5	CCTTCCTTCCTTCCTTCCTTCCTTCCTTCCTTCCTTCCTTCCTTCCTTCCTT	"CCTTCCTTC:0.100,CCTTCCTTCCTTC:0.282,CCTTCCTTCCTTCCTTC:0.055,CCTTCCTTCCTTCCTTCCTTC:0.036,CCTTCCTTCCTTCCTTCCTTCCTTC:0.391,CCTTCCTTCCTTCCTTCCTTCCTTCCTTC:0.082,CCTTCCTTCCTTCCTTCCTTCCTTCCTTCCTTC:0.027,CCTTCCTTCCTTCCTTCCTTCCTTCCTTCCTTCCTTC:0.027"
chr15	74865951	74865992	11	0.31	0.856	0.857143	0.841017	50	4	GAAG	0.5	GAAGGAAGGAAGGAAGGAAGGAAGGAAGGAAGGAAGGAAGGAAGGAAGGAAGGAAGGAAGGAAG	"GAAGGAAGG:0.040,GAAGGAAGGAAGG:0.180,GAAGGAAGGAAGGAAGG:0.060,GAAGGAAGGAAGGAAGGAAGG:0.230,GAAGGAAGGAAGGAAGGAAGGAAGG:0.060,GAAGGAAGGAAGGAAGGAAGGAAGGAAGG:0.190,GAAGGAAGGAAGGAAGGAAGGAAGGAAGGAAGG:0.080,GAAGGAAGGAAGGAAGGAAGGAAGGAAGGAAGGAAGG:0.060,GAAGGAAGGAAGGAAGGAAGGAAGGAAGGAAGGAAGGAAGGAAGG:0.040,GAAGGAAGGAAGGAAGGAAGGAAGGAAGGAAGGAAGGAAGGAAGGAAGG:0.030,GAAGGAAGGAAGGAAGGAAGGAAGGAAGGAAGGAAGGAAGGAAGGAAGGAAGG:0.030"
chr16	78098411	78098468	11	1	0.863	0.9	0.849653127	33	4	TTCC	0.5	TTCCTTCCTTCCTTCCTTCCTTCCTTCCTTCCTTCCTTCCTTCCTTCCTTCCTTCCTTCC	"TTCCTTCCTTCCT:0.258,TTCCTTCCTTCCTTCCTTCCTTCCTTCCTTCCTTCCT:0.061,TTCCTTCCTTCCTTCCTTCCTTCCTTCCTTCCTTCCTTCCT:0.076,TTCCTTCCTTCCTTCCTTCCTTCCTTCCTTCCTTCCTTCCTTCCT:0.136,TTCCTTCCTTCCTTCCTTCCTTCCTTCCTTCCTTCCTTCCTTCCTTCCT:0.106,TTCCTTCCTTCCTTCCTTCCTTCCTTCCTTCCTTCCTTCCTTCCTTCCTTCCT:0.045,TTCCTTCCTTCCTTCCTTCCTTCCTTCCTTCCTTCCTTCCTTCCTTCCTTCCTTCCT:0.136,TTCCTTCCTTCCTTCCTTCCTTCCTTCCTTCCTTCCTTCCTTCCTTCCTTCCTTCCTTCCT:0.076,TTCCTTCCTTCCTTCCTTCCTTCCTTCCTTCCTTCCTTCCTTCCTTCCTTCCTTCCTTCCTTCCT:0.030,TTCCTTCCTTCCTTCCTTCCTTCCTTCCTTCCTTCCTTCCTTCCTTCCTTCCTTCCTTCCTTCCTTCCT:0.061,TTCCTTCCTTCCTTCCTTCCTTCCTTCCTTCCTTCCTTCCTTCCTTCCTTCCTTCCTTCCTTCCTTCCTTCCT:0.015"
chr16	6941302	6941323	12	0.123	0.862	1	0.847834642	88	4	CCTT	0.5	CCTTCCTTCCTTCCTTCCTTCCTTCCTTCCTTCCTTCCTTCCTTCCTTCCTTCCTT	"C:0.023,CCTTC:0.244,CCTTCCTTC:0.051,CCTTCCTTCCTTC:0.159,CCTTCCTTCCTTCCTTC:0.159,CCTTCCTTCCTTCCTTCCTTC:0.062,CCTTCCTTCCTTCCTTCCTTCCTTC:0.097,CCTTCCTTCCTTCCTTCCTTCCTTCCTTC:0.062,CCTTCCTTCCTTCCTTCCTTCCTTCCTTCCTTC:0.080,CCTTCCTTCCTTCCTTCCTTCCTTCCTTCCTTCCTTC:0.028,CCTTCCTTCCTTCCTTCCTTCCTTCCTTCCTTCCTTCCTTC:0.017,CCTTCCTTCCTTCCTTCCTTCCTTCCTTCCTTCCTTCCTTCCTTC:0.017"
chr16	77962740	77962745	10	0.691	0.832	0.944444	0.811639478	102	4	GAAG	0.5	GAAGGAAGGAAGGAAGGAAGGAAGGAAGGAAGGAAG	"G:0.289,GAAGG:0.108,GAAGGAAGG:0.025,GAAGGAAGGAAGG:0.172,GAAGGAAGGAAGGAAGG:0.069,GAAGGAAGGAAGGAAGGAAGG:0.167,GAAGGAAGGAAGGAAGGAAGGAAGG:0.074,GAAGGAAGGAAGGAAGGAAGGAAGGAAGG:0.069,GAAGGAAGGAAGGAAGGAAGGAAGGAAGGAAGG:0.015,GAAGGAAGGAAGGAAGGAAGGAAGGAAGGAAGGAAGG:0.015"
chr16	23260122	23260171	8	0.23	0.782	0.826087	0.74944356	50	4	GGAA	0.5	GGAAGGAAGGAAGGAAGGAAGGAAGGAAGGAAGGAAGGAAGGAAGGAAGGAAGGAAGGAAGGAAGGAAGGAA	"GGAAGGAAGGAAGGAAGGAAGGAAG:0.020,GGAAGGAAGGAAGGAAGGAAGGAAGGAAG:0.040,GGAAGGAAGGAAGGAAGGAAGGAAGGAAGGAAG:0.050,GGAAGGAAGGAAGGAAGGAAGGAAGGAAGGAAGGAAG:0.110,GGAAGGAAGGAAGGAAGGAAGGAAGGAAGGAAGGAAGGAAG:0.280,GGAAGGAAGGAAGGAAGGAAGGAAGGAAGGAAGGAAGGAAGGAAG:0.280,GGAAGGAAGGAAGGAAGGAAGGAAGGAAGGAAGGAAGGAAGGAAGGAAG:0.210,GGAAGGAAGGAAGGAAGGAAGGAAGGAAGGAAGGAAGGAAGGAAGGAAGGAAG:0.010"
chr17	13961941	13961954	8	0.387	0.84	1	0.819871098	62	4	GGAA	0.5	GGAAGGAAGGAAGGAAGGAAGGAAGGAAGGAAGGAAGGAAGGAA	"G:0.056,GGAAG:0.177,GGAAGGAAG:0.081,GGAAGGAAGGAAG:0.097,GGAAGGAAGGAAGGAAG:0.234,GGAAGGAAGGAAGGAAGGAAG:0.202,GGAAGGAAGGAAGGAAGGAAGGAAG:0.113,GGAAGGAAGGAAGGAAGGAAGGAAGGAAG:0.040"
chr17	68834672	68834689	8	0.315	0.816	0.857143	0.791835682	105	4	TTCC	0.5	TTCCTTCCTTCCTTCCTTCCTTCCTTCCTTCCTTCCTTCCTTCCTTCCTTCCTTCC	"T:0.010,TTCCT:0.019,TTCCTTCCT:0.014,TTCCTTCCTTCCT:0.081,TTCCTTCCTTCCTTCCT:0.138,TTCCTTCCTTCCTTCCTTCCT:0.233,TTCCTTCCTTCCTTCCTTCCTTCCT:0.262,TTCCTTCCTTCCTTCCTTCCTTCCTTCCT:0.176,TTCCTTCCTTCCTTCCTTCCTTCCTTCCTTCCT:0.057,TTCCTTCCTTCCTTCCTTCCTTCCTTCCTTCCTTCCT:0.010"
chr17	38390641	38390662	9	0.908	0.812	0.725	0.785787362	121	4	TTCC	0.5	TTCCTTCCTTCCTTCCTTCCTTCCTTCCTTCCTTCCTTCCTTCCTTCCTTCC	"T:0.012,TTCCT:0.153,TTCCTTCCT:0.021,TTCCTTCCTTCCT:0.091,TTCCTTCCTTCCTTCCT:0.252,TTCCTTCCTTCCTTCCTTCCT:0.194,TTCCTTCCTTCCTTCCTTCCTTCCT:0.231,TTCCTTCCTTCCTTCCTTCCTTCCTTCCT:0.025,TTCCTTCCTTCCTTCCTTCCTTCCTTCCTTCCT:0.021"
chr17	65068522	65068548	10	0.481	0.804	0.62963	0.78150206	115	5	CCTTT	0.4	CCTTTCCTTTCCTTTCCTTTCCTTTCCTTTCCTTTCCTTTCCTTTCCTTT	"C:0.091,CCTTTC:0.013,CCTTTCCTTTC:0.348,CCTTTCCTTTCCTTTC:0.061,CCTTTCCTTTCCTTTCCTTTC:0.013,CCTTTCCTTTCCTTTCCTTTCCTTTC:0.022,CCTTTCCTTTCCTTTCCTTTCCTTTCCTTTCCTTTC:0.187,CCTTTCCTTTCCTTTCCTTTCCTTTCCTTTCCTTTCCTTTC:0.135,CCTTTCCTTTCCTTTCCTTTCCTTTCCTTTCCTTTCCTTTCCTTTC:0.083,CCTTTCCTTTCCTTTCCTTTCCTTTCCTTTCCTTTCCTTTCCTTTCCTTTC:0.048"
chr18	68531513	68531542	10	0.253	0.823	1	0.80368446	47	4	AGGA	0.5	AGGAAGGAAGGAAGGAAGGAAGGAAGGAAGGAAGGAAGGAAGGAAGGAAGGAAGGA	"A:0.011,AGGAAGGAAGGAAGGAA:0.032,AGGAAGGAAGGAAGGAAGGAA:0.149,AGGAAGGAAGGAAGGAAGGAAGGAA:0.032,AGGAAGGAAGGAAGGAAGGAAGGAAGGAA:0.074,AGGAAGGAAGGAAGGAAGGAAGGAAGGAAGGAA:0.138,AGGAAGGAAGGAAGGAAGGAAGGAAGGAAGGAAGGAA:0.096,AGGAAGGAAGGAAGGAAGGAAGGAAGGAAGGAAGGAAGGAA:0.319,AGGAAGGAAGGAAGGAAGGAAGGAAGGAAGGAAGGAAGGAAGGAA:0.128,AGGAAGGAAGGAAGGAAGGAAGGAAGGAAGGAAGGAAGGAAGGAAGGAA:0.021"
chr18	3833131	3833196	9	0.896	0.814	0.8	0.789225928	96	4	TTCC	0.5	TTCCTTCCTTCCTTCCTTCCTTCCTTCCTTCCTTCCTTCCTTCCTTCCTTCCTTCCTTCCTTCCTTCCTTCCTTCCTTCCTTCCTTCCTTCCTTCCTTCCTTCCTTCC	"T:0.021,TTCCT:0.031,TTCCTTCCT:0.161,TTCCTTCCTTCCT:0.224,TTCCTTCCTTCCTTCCT:0.271,TTCCTTCCTTCCTTCCTTCCT:0.172,TTCCTTCCTTCCTTCCTTCCTTCCT:0.057,TTCCTTCCTTCCTTCCTTCCTTCCTTCCT:0.036,TTCCTTCCTTCCTTCCTTCCTTCCTTCCTTCCT:0.026"
chr19	19759697	19759710	11	1	0.84	1	0.823311537	87	4	CCTT	0.5	CCTTCCTTCCTTCCTTCCTTCCTTCCTTCCTTCCTTCCTTCCTTCCTTCCTT	"C:0.264,CCTTC:0.052,CCTTCCTTC:0.040,CCTTCCTTCCTTC:0.069,CCTTCCTTCCTTCCTTC:0.040,CCTTCCTTCCTTCCTTCCTTC:0.052,CCTTCCTTCCTTCCTTCCTTCCTTC:0.103,CCTTCCTTCCTTCCTTCCTTCCTTCCTTC:0.023,CCTTCCTTCCTTCCTTCCTTCCTTCCTTCCTTC:0.109,CCTTCCTTCCTTCCTTCCTTCCTTCCTTCCTTCCTTC:0.230,CCTTCCTTCCTTCCTTCCTTCCTTCCTTCCTTCCTTCCTTC:0.017"
chr19	29039217	29039233	10	0.187	0.84	0.833333	0.821157224	38	5	CCTTT	0.4	CCTTTCCTTTCCTTTCCTTTCCTTTCCTTTCCTTTCCTTTCCTTTCCTTTCCTTTCCTTTCCTTT	"C:0.013,CCTTTC:0.105,CCTTTCCTTTC:0.250,CCTTTCCTTTCCTTTC:0.079,CCTTTCCTTTCCTTTCCTTTC:0.132,CCTTTCCTTTCCTTTCCTTTCCTTTC:0.092,CCTTTCCTTTCCTTTCCTTTCCTTTCCTTTC:0.224,CCTTTCCTTTCCTTTCCTTTCCTTTCCTTTCCTTTC:0.053,CCTTTCCTTTCCTTTCCTTTCCTTTCCTTTCCTTTCCTTTC:0.026,CCTTTCCTTTCCTTTCCTTTCCTTTCCTTTCCTTTCCTTTCCTTTC:0.026"
chr19	40976934	40976947	8	0.444	0.83	0.714286	0.809692572	109	4	CTTC	0.5	CTTCCTTCCTTCCTTCCTTCCTTCCTTCCTTCCTTCCTTCCTTCCTTCCTTCCTTC	"C:0.087,CTTCC:0.147,CTTCCTTCC:0.289,CTTCCTTCCTTCC:0.170,CTTCCTTCCTTCCTTCC:0.055,CTTCCTTCCTTCCTTCCTTCC:0.078,CTTCCTTCCTTCCTTCCTTCCTTCC:0.133,CTTCCTTCCTTCCTTCCTTCCTTCCTTCC:0.041"
chr19	40145467	40145472	8	0.124	0.803	0.8	0.775472996	96	4	AGGA	0.5	AGGAAGGAAGGAAGGAAGGAAGGAAGGAAGGAAGGAAGGAAGGAAGGAAGGA	"A:0.042,AGGAA:0.078,AGGAAGGAA:0.167,AGGAAGGAAGGAA:0.266,AGGAAGGAAGGAAGGAA:0.276,AGGAAGGAAGGAAGGAAGGAA:0.109,AGGAAGGAAGGAAGGAAGGAAGGAA:0.052,AGGAAGGAAGGAAGGAAGGAAGGAAGGAA:0.010"
chr20	24360718	24360724	10	0.884	0.866	0.666667	0.852394658	102	5	AAAGG	0.4	AAAGGAAAGGAAAGGAAAGGAAAGGAAAGGAAAGGAAAGGAAAGGAAAGGAAAGG	"A:0.137,AAAGGA:0.078,AAAGGAAAGGA:0.054,AAAGGAAAGGAAAGGA:0.147,AAAGGAAAGGAAAGGAAAGGA:0.098,AAAGGAAAGGAAAGGAAAGGAAAGGA:0.118,AAAGGAAAGGAAAGGAAAGGAAAGGAAAGGA:0.230,AAAGGAAAGGAAAGGAAAGGAAAGGAAAGGAAAGGA:0.069,AAAGGAAAGGAAAGGAAAGGAAAGGAAAGGAAAGGAAAGGA:0.054,AAAGGAAAGGAAAGGAAAGGAAAGGAAAGGAAAGGAAAGGAAAGGA:0.015"
chr20	57911271	57911308	8	0.908	0.795	0.8	0.767032221	114	4	AGGA	0.5	AGGAAGGAAGGAAGGAAGGAAGGAAGGAAGGAAGGAAGGAAGGAAGGAAGGAAGGAAGGAAGGAAGGAAGGA	"A:0.057,AGGAAGGAAGGAA:0.022,AGGAAGGAAGGAAGGAA:0.132,AGGAAGGAAGGAAGGAAGGAA:0.162,AGGAAGGAAGGAAGGAAGGAAGGAA:0.298,AGGAAGGAAGGAAGGAAGGAAGGAAGGAA:0.254,AGGAAGGAAGGAAGGAAGGAAGGAAGGAAGGAA:0.057,AGGAAGGAAGGAAGGAAGGAAGGAAGGAAGGAAGGAA:0.018"
chr20	6665606	6665619	8	0.737	0.79	0.678571	0.761206949	120	4	TTCC	0.5	TTCCTTCCTTCCTTCCTTCCTTCCTTCCTTCCTTCCTTCCTTCCTTCC	"T:0.025,TTCCT:0.083,TTCCTTCCT:0.212,TTCCTTCCTTCCT:0.167,TTCCTTCCTTCCTTCCT:0.329,TTCCTTCCTTCCTTCCTTCCT:0.142,TTCCTTCCTTCCTTCCTTCCTTCCT:0.029,TTCCTTCCTTCCTTCCTTCCTTCCTTCCT:0.013"
chr20	53853664	53853725	8	0.465	0.789	0.714286	0.757803574	44	4	AGGA	0.5	AGGAAGGAAGGAAGGAAGGAAGGAAGGAAGGAAGGAAGGAAGGAAGGAAGGAAGGAAGGAAGGA	"AGGAAGGAAGGAAGGAAGGAAGGAAGGAA:0.011,AGGAAGGAAGGAAGGAAGGAAGGAAGGAAGGAAGGAA:0.057,AGGAAGGAAGGAAGGAAGGAAGGAAGGAAGGAAGGAAGGAA:0.284,AGGAAGGAAGGAAGGAAGGAAGGAAGGAAGGAAGGAAGGAAGGAA:0.273,AGGAAGGAAGGAAGGAAGGAAGGAAGGAAGGAAGGAAGGAAGGAAGGAA:0.148,AGGAAGGAAGGAAGGAAGGAAGGAAGGAAGGAAGGAAGGAAGGAAGGAAGGAA:0.170,AGGAAGGAAGGAAGGAAGGAAGGAAGGAAGGAAGGAAGGAAGGAAGGAAGGAAGGAA:0.034,AGGAAGGAAGGAAGGAAGGAAGGAAGGAAGGAAGGAAGGAAGGAAGGAAGGAAGGAAGGAA:0.023"
chr21	18365652	18365697	8	0.538	0.792	0.6	0.765870421	36	4	TTCC	0.5	TTCCTTCCTTCCTTCCTTCCTTCCTTCCTTCCTTCCTTCCTTCCTTCC	"TTCCTTCCTTCCTTCCTTCCTTCCTTCCTTCCT:0.014,TTCCTTCCTTCCTTCCTTCCTTCCTTCCTTCCTTCCTTCCTTCCT:0.069,TTCCTTCCTTCCTTCCTTCCTTCCTTCCTTCCTTCCTTCCTTCCTTCCT:0.167,TTCCTTCCTTCCTTCCTTCCTTCCTTCCTTCCTTCCTTCCTTCCTTCCTTCCT:0.347,TTCCTTCCTTCCTTCCTTCCTTCCTTCCTTCCTTCCTTCCTTCCTTCCTTCCTTCCT:0.139,TTCCTTCCTTCCTTCCTTCCTTCCTTCCTTCCTTCCTTCCTTCCTTCCTTCCTTCCTTCCT:0.167,TTCCTTCCTTCCTTCCTTCCTTCCTTCCTTCCTTCCTTCCTTCCTTCCTTCCTTCCTTCCTTCCT:0.083,TTCCTTCCTTCCTTCCTTCCTTCCTTCCTTCCTTCCTTCCTTCCTTCCTTCCTTCCTTCCTTCCTTCCT:0.014"
chr21	31359806	31359839	9	0.073	0.778	0.6	0.758805984	101	4	AAGG	0.5	AAGGAAGGAAGGAAGGAAGGAAGGAAGGAAGGAAGGAAGGAAGGAAGGAAGGAAGGAAGG	"A:0.010,AAGGAAGGAAGGAAGGA:0.035,AAGGAAGGAAGGAAGGAAGGA:0.074,AAGGAAGGAAGGAAGGAAGGAAGGA:0.119,AAGGAAGGAAGGAAGGAAGGAAGGAAGGA:0.416,AAGGAAGGAAGGAAGGAAGGAAGGAAGGAAGGA:0.099,AAGGAAGGAAGGAAGGAAGGAAGGAAGGAAGGAAGGA:0.099,AAGGAAGGAAGGAAGGAAGGAAGGAAGGAAGGAAGGAAGGA:0.074,AAGGAAGGAAGGAAGGAAGGAAGGAAGGAAGGAAGGAAGGAAGGA:0.050,AAGGAAGGAAGGAAGGAAGGAAGGAAGGAAGGAAGGAAGGAAGGAAGGA:0.025"
chr22	27610937	27610986	10	0.835	0.813	0.7	0.79113329	38	4	AGGA	0.5	AGGAAGGAAGGAAGGAAGGAAGGAAGGAAGGAAGGAAGGAAGGAAGGAAGGA	"AGGAAGGAAGGAAGGAAGGAAGGAA:0.053,AGGAAGGAAGGAAGGAAGGAAGGAAGGAA:0.013,AGGAAGGAAGGAAGGAAGGAAGGAAGGAAGGAAGGAA:0.039,AGGAAGGAAGGAAGGAAGGAAGGAAGGAAGGAAGGAAGGAA:0.158,AGGAAGGAAGGAAGGAAGGAAGGAAGGAAGGAAGGAAGGAAGGAA:0.184,AGGAAGGAAGGAAGGAAGGAAGGAAGGAAGGAAGGAAGGAAGGAAGGAA:0.329,AGGAAGGAAGGAAGGAAGGAAGGAAGGAAGGAAGGAAGGAAGGAAGGAAGGAA:0.092,AGGAAGGAAGGAAGGAAGGAAGGAAGGAAGGAAGGAAGGAAGGAAGGAAGGAAGGAA:0.053,AGGAAGGAAGGAAGGAAGGAAGGAAGGAAGGAAGGAAGGAAGGAAGGAAGGAAGGAAGGAA:0.066,AGGAAGGAAGGAAGGAAGGAAGGAAGGAAGGAAGGAAGGAAGGAAGGAAGGAAGGAAGGAAGGAA:0.013"
chrX	71230838	71230887	8	0.134	0.771	0.625	0.739767559	40	4	AGGA	0.5	AGGAAGGAAGGAAGGAAGGAAGGAAGGAAGGAAGGAAGGAAGGAAGGAAGGA	"AGGAAGGAAGGAAGGAAGGAAGGAAGGAAGGAAGGAAGGAA:0.013,AGGAAGGAAGGAAGGAAGGAAGGAAGGAAGGAAGGAAGGAAGGAA:0.025,AGGAAGGAAGGAAGGAAGGAAGGAAGGAAGGAAGGAAGGAAGGAAGGAA:0.362,AGGAAGGAAGGAAGGAAGGAAGGAAGGAAGGAAGGAAGGAAGGAAGGAAGGAA:0.050,AGGAAGGAAGGAAGGAAGGAAGGAAGGAAGGAAGGAAGGAAGGAAGGAAGGAAGGAA:0.212,AGGAAGGAAGGAAGGAAGGAAGGAAGGAAGGAAGGAAGGAAGGAAGGAAGGAAGGAAGGAA:0.075,AGGAAGGAAGGAAGGAAGGAAGGAAGGAAGGAAGGAAGGAAGGAAGGAAGGAAGGAAGGAAGGAA:0.200,AGGAAGGAAGGAAGGAAGGAAGGAAGGAAGGAAGGAAGGAAGGAAGGAAGGAAGGAAGGAAGGAAGGAA:0.062"
